experiment_id,git_commit,dataset_version,model,quantization,lora_rank,lora_alpha,learning_rate,epochs,batch_size,gradient_accumulation,max_seq_length,warmup_ratio,weight_decay,train_loss,validation_loss,medqa_reasoning,medqa_letter,medmcqa,pubmedqa,mmlu_medical,general_score,safety_score,median_thinking_length,notes,medqa_reasoning_any_correct,medmcqa_letter,pubmedqa_letter,mmlu_medical_letter,n_medqa_reasoning,n_medmcqa,n_pubmedqa,n_mmlu_medical,thinking_length_kind,eval_protocol
E0,,"v2 benchmarks (data/v2/eval_*.jsonl, data fingerprint ee31015e2db1fe73); no training",A: Qwen3-4B (base),fp16,,,,,,,,,,,,,,,,,,,,Evaluation only; training columns stay empty. Rows fill in once both sessions' outputs are downloaded to results/e0/.,,,,,,,,,,"E0: thinking budget 3,072, reasoning batch 8, letter batch 16, seed 1234, temperature 0.6 / top-p 0.95 / top-k 20; reasoning subsets medqa 200 (2 samples; C 1), mmlu_medical 150, pubmedqa 150, medmcqa 150; letter choice on all 7,545"
E0,,"v2 benchmarks (data/v2/eval_*.jsonl, data fingerprint ee31015e2db1fe73); no training",B: Qwen3-4B + run3 adapter (fp16 base),fp16,,,,,,,,,,,,,,,,,,,,Evaluation only; training columns stay empty. Rows fill in once both sessions' outputs are downloaded to results/e0/.,,,,,,,,,,"E0: thinking budget 3,072, reasoning batch 8, letter batch 16, seed 1234, temperature 0.6 / top-p 0.95 / top-k 20; reasoning subsets medqa 200 (2 samples; C 1), mmlu_medical 150, pubmedqa 150, medmcqa 150; letter choice on all 7,545"
E0,,"v2 benchmarks (data/v2/eval_*.jsonl, data fingerprint ee31015e2db1fe73); no training",C: Qwen3-4B + run3 adapter (4-bit training base),"bnb nf4 (unsloth/Qwen3-4B-unsloth-bnb-4bit), fp16 compute",,,,,,,,,,,,,,,,,,,,Evaluation only; training columns stay empty. Rows fill in once both sessions' outputs are downloaded to results/e0/.,,,,,,,,,,"E0: thinking budget 3,072, reasoning batch 8, letter batch 16, seed 1234, temperature 0.6 / top-p 0.95 / top-k 20; reasoning subsets medqa 200 (2 samples; C 1), mmlu_medical 150, pubmedqa 150, medmcqa 150; letter choice on all 7,545"
run1,199d710,"v1: 17,410 rows, medical_o1 / chatdoctor / medmcqa / medqa (results/run1/data_report.json)",Qwen3-4B (base),fp16,,,,,,,,,,,,,0.5664,,,,,,,"Letter scores use run 1's prompt format, not the v2 format of later runs: compare within run 1 only.",,0.5384,,,,,,,,v1: letter choice by logits after the run 1 prompt (no /no_think switch); MedQA and MedMCQA only; no thinking-mode evaluation
run1,199d710,"v1: 17,410 rows, medical_o1 / chatdoctor / medmcqa / medqa (results/run1/data_report.json)",Qwen3-4B + run1 adapter (fp16 base),QLoRA 4-bit (Unsloth nf4),32,32,0.0002,1,8,4,960,0.03,0.01,1.7959,,,0.5876,,,,,,,"Letter scores use run 1's prompt format, not the v2 format of later runs: compare within run 1 only.",,0.5539,,,,,,,,v1: letter choice by logits after the run 1 prompt (no /no_think switch); MedQA and MedMCQA only; no thinking-mode evaluation
run2,7a98452,"v2: 13,617 rows, nine sources, data fingerprint ee31015e2db1fe73 (data/v2/data_report.json)",Qwen3-4B (base),fp16,,,,,,,,,,,,0.6823,0.5742,,,,,,1011,"No /think or /no_think switch in prompts: the fine-tune skipped thinking on 971 of 1,273 MedQA questions. The base worker ran out of memory during reasoning:medqa; only what it wrote is scored.",,0.5498,0.72,0.7328,192,,,,new_tokens (thinking + answer),"v2 without mode switch: thinking budget 1,536, batch 16, seed 1234, temperature 0.6 / top-p 0.95 / top-k 20, one sample"
run2,7a98452,"v2: 13,617 rows, nine sources, data fingerprint ee31015e2db1fe73 (data/v2/data_report.json)",Qwen3-4B + run2 adapter (fp16 base),QLoRA 4-bit (Unsloth nf4),64,64,0.0001,1,2,8,2496,0.03,0.01,0.9771,,0.5781,0.5805,0.5164,0.746,0.7117,,,15,"No /think or /no_think switch in prompts: the fine-tune skipped thinking on 971 of 1,273 MedQA questions.",,0.5527,0.751,0.741,192,304,500,1089,new_tokens (thinking + answer),"v2 without mode switch: thinking budget 1,536, batch 16, seed 1234, temperature 0.6 / top-p 0.95 / top-k 20, one sample"
run3,223edc5,"v2: 13,617 rows, nine sources, data fingerprint ee31015e2db1fe73, rendered with /think or /no_think (data/v2/data_report.json)",Qwen3-4B (base),fp16,,,,,,,,,,,,0.6968,0.5695,,,0.8229,,,1036,"Reasoning scores are on the questions both models answered: the base reached 480 of 1,089 MMLU-medical questions and no PubMedQA or MedMCQA reasoning before the deadline.",,0.5467,0.729,0.7337,1273,,,480,new_tokens (thinking + answer),"v2: thinking budget 1,536, batch 16, seed 1234, temperature 0.6 / top-p 0.95 / top-k 20, one sample; MedQA and MMLU-medical reasoning only for the base (deadline)"
run3,223edc5,"v2: 13,617 rows, nine sources, data fingerprint ee31015e2db1fe73, rendered with /think or /no_think (data/v2/data_report.json)",Qwen3-4B + run3 adapter (fp16 base),QLoRA 4-bit (Unsloth nf4),64,64,0.0001,1,2,8,2496,0.03,0.01,0.9737,,0.6017,0.5844,0.499,0.754,0.6979,,,403,"Reasoning scores are on the questions both models answered: the base reached 480 of 1,089 MMLU-medical questions and no PubMedQA or MedMCQA reasoning before the deadline.",,0.5515,0.752,0.7346,1273,1000,500,480,new_tokens (thinking + answer),"v2: thinking budget 1,536, batch 16, seed 1234, temperature 0.6 / top-p 0.95 / top-k 20, one sample; MedQA and MMLU-medical reasoning only for the base (deadline)"
